name,occurrences_in_calendar,category,priority,country,active
Anderson da Silva,3,Outro,Média,,true
Milton Nascimento,3,Outro,Média,,true
Tupac Shakur,3,Outro,Média,,true
Maria José Barbosa e Silva,3,Outro,Média,,true
Nelson Mandela,3,Outro,Média,,true
Wanessa,3,Outro,Média,,true
A$AP Rocky,3,Outro,Média,,true
Sérgio Loroza,3,Outro,Média,,true
Tessa Thompson,3,Outro,Média,,true
Kel Mitchell,3,Outro,Média,,true
Morgan Freeman,3,Outro,Média,,true
Kobe Bryant,2,Outro,Média,,true
Whitney Houston,2,Outro,Média,,true
Omarion,2,Outro,Média,,true
Joy Sunday,2,Outro,Média,,true
Milton Gonçalves,2,Outro,Média,,true
Soulja Boy,2,Outro,Média,,true
Nonso Anozie,2,Outro,Média,,true
Jaden Smith,2,Outro,Média,,true
Chadwick Boseman,2,Outro,Média,,true
Joey Bada$$,2,Outro,Média,,true
Will.i.am,2,Outro,Média,,true
Whoopi Goldberg,2,Outro,Média,,true
Notorious B.I.G.,2,Outro,Média,,true
Sheron Menezzes,2,Outro,Média,,true
Michael Cooper Jr.,2,Outro,Média,,true
Flo Rida,2,Outro,Média,,true
Don Cheadle,2,Outro,Média,,true
GloRilla,2,Outro,Média,,true
Projota,2,Outro,Média,,true
Queen Latifah,2,Outro,Média,,true
Ícaro Silva,2,Outro,Média,,true
Marcelo Falcão,2,Outro,Média,,true
Simone Biles,2,Outro,Média,,true
Taís Araújo,2,Outro,Média,,true
Aretha Franklin,2,Outro,Média,,true
Carlinhos Brown,2,Outro,Média,,true
Lil Baby,2,Outro,Média,,true
Eve,2,Outro,Média,,true
Omar Sy,2,Outro,Média,,true
Ray Charles,2,Outro,Média,,true
Naomi Campbell,2,Outro,Média,,true
Laurence Fishburne,2,Outro,Média,,true
Budah,2,Outro,Média,,true
Tracy Morgan,2,Outro,Média,,true
Rafael Zulu,2,Outro,Média,,true
Lauryn Noel Hill,2,Outro,Média,,true
Ronnie Coleman,1,Outro,Média,,true
Viegas,1,Outro,Média,,true
Keke Palmer,1,Outro,Média,,true
Zendaya,1,Outro,Média,,true
Jennifer Freeman,1,Outro,Média,,true
"Tyler, the Creator",1,Outro,Média,,true
Lakeith Stanfield,1,Outro,Média,,true
Martinho da Vila,1,Outro,Média,,true
Keith David,1,Outro,Média,,true
Ernie Hudson,1,Outro,Média,,true
Endrick,1,Outro,Média,,true
Jérémy Doku,1,Outro,Média,,true
John Boyega,1,Outro,Média,,true
Diana Ross,1,Outro,Média,,true
Playboi Carti,1,Outro,Média,,true
Eddy Jr,1,Outro,Média,,true
Busta Rhymes,1,Outro,Média,,true
Antonia Gentry,1,Outro,Média,,true
Eddie Murphy,1,Outro,Média,,true
Anthony Davis,1,Outro,Média,,true
Kai Cenat,1,Outro,Média,,true
Rayssa Leal,1,Outro,Média,,true
A'ja Wilson,1,Outro,Média,,true
IShowSpeed,1,Outro,Média,,true
Harriet Tubman,1,Outro,Média,,true
Anna Maria Horsford,1,Outro,Média,,true
Gil do Vigor,1,Outro,Média,,true
Dennis Keith Rodman,1,Outro,Média,,true
Kenan Stacy Thompson,1,Outro,Média,,true
Paige Hurd,1,Outro,Média,,true
Willow Smith,1,Outro,Média,,true
Paul Pogba,1,Outro,Média,,true
Muni Long,1,Outro,Média,,true
Rebeca Andrade,1,Outro,Média,,true
Gabrielle Union,1,Outro,Média,,true
Brian Joseph White,1,Outro,Média,,true
Billy Porter,1,Outro,Média,,true
Naldo Benny,1,Outro,Média,,true
Bryce James,1,Outro,Média,,true
Brent Faiyaz,1,Outro,Média,,true
Danielle Brooks,1,Outro,Média,,true
Will Smith,1,Outro,Média,,true
Ice Cube,1,Outro,Média,,true
Genevieve Nnaji,1,Outro,Média,,true
Juicy J,1,Outro,Média,,true
NBA YoungBoy,1,Outro,Média,,true
North West,1,Outro,Média,,true
Rich The Kid,1,Outro,Média,,true
Tichina Arnold,1,Outro,Média,,true
Lucy Ramos,1,Outro,Média,,true
Edi Rock,1,Outro,Média,,true
James Harden,1,Outro,Média,,true
Tequan Richmond,1,Outro,Média,,true
Savannah James,1,Outro,Média,,true
Don Toliver,1,Outro,Média,,true
Lamine Yamal,1,Outro,Média,,true
Imani Hakim,1,Outro,Média,,true
Allen Iverson,1,Outro,Média,,true
JOJO TODYNHO,1,Outro,Média,,true
Derek Luke,1,Outro,Média,,true
Boris Frederic Cecil Tay-Natey Ofuatey-Kodjoe,1,Outro,Média,,true
Sterling K Brown,1,Outro,Média,,true
Nathalie Emmanuel,1,Outro,Média,,true
Rael,1,Outro,Média,,true
Gerson Santos,1,Outro,Média,,true
Nina Simone,1,Outro,Média,,true
Ludmilla,1,Outro,Média,,true
Flayslane,1,Outro,Média,,true
Dandara Mariana Cabral,1,Outro,Média,,true
Afro B,1,Outro,Média,,true
Dwyane Wade,1,Outro,Média,,true
Ryan Destiny,1,Outro,Média,,true
Bill Russell,1,Outro,Média,,true
Jay Z,1,Outro,Média,,true
Lizzo,1,Outro,Média,,true
Rickey Thompson,1,Outro,Média,,true
Azealia Banks,1,Outro,Média,,true
Bia Ferreira,1,Outro,Média,,true
Christina Milian,1,Outro,Média,,true
Offset,1,Outro,Média,,true
Katt Williams,1,Outro,Média,,true
Jimi Hendrix,1,Outro,Média,,true
P. Diddy,1,Outro,Média,,true
Toni Garrido,1,Outro,Média,,true
Kerry Washington,1,Outro,Média,,true
Jacquees,1,Outro,Média,,true
Leslie Marian Uggams,1,Outro,Média,,true
Tony Tornado,1,Outro,Média,,true
Anthony Edwards,1,Outro,Média,,true
Denzel Washington,1,Outro,Média,,true
Lynn Whitfield,1,Outro,Média,,true
Matuê,1,Outro,Média,,true
Ama K Abebrese,1,Outro,Média,,true
Meagan Good,1,Outro,Média,,true
Karim Dulé Hill,1,Outro,Média,,true
Bronny James,1,Outro,Média,,true
A Boogie wit da Hoodie,1,Outro,Média,,true
Lil Tecca,1,Outro,Média,,true
Zozibini Tunzi,1,Outro,Média,,true
Preta Gil,1,Outro,Média,,true
Jaylen Brown,1,Outro,Média,,true
Ines Brasil,1,Outro,Média,,true
Tyler James Williams,1,Outro,Média,,true
Karyn Parsons,1,Outro,Média,,true
Camila Nunes,1,Outro,Média,,true
Marina Silva,1,Outro,Média,,true
Whitney Peak,1,Outro,Média,,true
Erik King,1,Outro,Média,,true
KondZilla,1,Outro,Média,,true
Jesse Owens,1,Outro,Média,,true
Priah Ferguson,1,Outro,Média,,true
Bokeem Woodbine,1,Outro,Média,,true
Flo Milli,1,Outro,Média,,true
Coolio,1,Outro,Média,,true
Tems,1,Outro,Média,,true
Zezé Motta,1,Outro,Média,,true
Jordyn Woods,1,Outro,Média,,true
Gary Coleman,1,Outro,Média,,true
Andre Holland,1,Outro,Média,,true
Ari Lennox,1,Outro,Média,,true
Lionel Richie,1,Outro,Média,,true
Ella Fitzgerald,1,Outro,Média,,true
Pocah,1,Outro,Média,,true
Marla Gibbs,1,Outro,Média,,true
Karol Conká,1,Outro,Média,,true
Tyler Perry,1,Outro,Média,,true
Brandy,1,Outro,Média,,true
Vinícius Júnior,1,Outro,Média,,true
Gladys Knight,1,Outro,Média,,true
Venus Williams,1,Outro,Média,,true
Larenz Tate,1,Outro,Média,,true
Gucci Mane,1,Outro,Média,,true
Kevin Hart,1,Outro,Média,,true
Usher,1,Outro,Média,,true
Shai Gilgeous-Alexander,1,Outro,Média,,true
Beyoncé,1,Outro,Média,,true
Wood Harris,1,Outro,Média,,true
KAROL CONKÁ,1,Outro,Média,,true
Maria Júlia Coutinho,1,Outro,Média,,true
Kamala Harris,1,Outro,Média,,true
Keenen Ivory Wayans,1,Outro,Média,,true
Jordan Calloway,1,Outro,Média,,true
Kayuá,1,Outro,Média,,true
Ty Dolla,1,Outro,Média,,true
Rebecca,1,Outro,Média,,true
Grace Jones,1,Outro,Média,,true
Quinta Brunson,1,Outro,Média,,true
Mos Def,1,Outro,Média,,true
Wiz Khalifa,1,Outro,Média,,true
Stevie Wonder,1,Outro,Média,,true
Snoop Dogg,1,Outro,Média,,true
Kevin Durant,1,Outro,Média,,true
Kelly McCreary,1,Outro,Média,,true
Danny Glover,1,Outro,Média,,true
Omar Epps,1,Outro,Média,,true
Ailton Graça,1,Outro,Média,,true
Juliana Paes,1,Outro,Média,,true
Malcolm David Kelley,1,Outro,Média,,true
Daniel Kaluuya,1,Outro,Média,,true
DDG,1,Outro,Média,,true
Lil Rel,1,Outro,Média,,true
James Avery,1,Outro,Média,,true
Bless Gagliasso,1,Outro,Média,,true
Ludacris,1,Outro,Média,,true
Marcelo Vieira,1,Outro,Média,,true
Rihanna,1,Outro,Média,,true
LeBron James,1,Outro,Média,,true
6lack,1,Outro,Média,,true
Lil Yachty,1,Outro,Média,,true
Wesley Snipes,1,Outro,Média,,true
Ronaldinho Gaúcho,1,Outro,Média,,true
Bukayo Saka,1,Outro,Média,,true
Jéssica Ellen,1,Outro,Média,,true
Juliana Alves de Oliveira,1,Outro,Média,,true
Anthony Anderson,1,Outro,Média,,true
Olamide,1,Outro,Média,,true
Normani,1,Outro,Média,,true
Julia Olliver,1,Outro,Média,,true
Forest Whitaker,1,Outro,Média,,true
Samira Denise Wiley,1,Outro,Média,,true
Talia Jackson,1,Outro,Média,,true
Anderson Paak,1,Outro,Média,,true
Aldis Hodge,1,Outro,Média,,true
Naturi Naughton,1,Outro,Média,,true
Massaro Ncuti Gatwa,1,Outro,Média,,true
Toni Braxton,1,Outro,Média,,true
Usain Bolt,1,Outro,Média,,true
Mae Jemison,1,Outro,Média,,true
Madam C.J. Walker,1,Outro,Média,,true
Malia Ann Obama,1,Outro,Média,,true
Mary J. Blige,1,Outro,Média,,true
Ja Morant,1,Outro,Média,,true
Mc Dricka,1,Outro,Média,,true
Lucky Daye,1,Outro,Média,,true
Malcolm X,1,Outro,Média,,true
Marlon Wayans,1,Outro,Média,,true
Solange Knowles,1,Outro,Média,,true
Gloria Gaynor,1,Outro,Média,,true
Manute Bol,1,Outro,Média,,true
Sheryl Lee Ralph,1,Outro,Média,,true
Corbin Bleu,1,Outro,Média,,true
Drake,1,Outro,Média,,true
Travis Scott,1,Outro,Média,,true
Chris Paul,1,Outro,Média,,true
Jennifer Hudson,1,Outro,Média,,true
Bresha Webb,1,Outro,Média,,true
Meagan Yvonne Tandy,1,Outro,Média,,true
Rincon Sapiência,1,Outro,Média,,true
Jay Pharoah,1,Outro,Média,,true
Lil Wayne,1,Outro,Média,,true
La La Anthony,1,Outro,Média,,true
Mariah Carey,1,Outro,Média,,true
Joel Embiid,1,Outro,Média,,true
Gina Torres,1,Outro,Média,,true
Emicida,1,Outro,Média,,true
Sojaboy,1,Outro,Média,,true
Gabriel Jesus,1,Outro,Média,,true
Lil Nas X,1,Outro,Média,,true
Margareth Menezes,1,Outro,Média,,true
Noah Lyles,1,Outro,Média,,true
Damian Lillard,1,Outro,Média,,true
Ernest Lee Thomas,1,Outro,Média,,true
Zoë Kravitz,1,Outro,Média,,true
Sadio Mané,1,Outro,Média,,true
Magic Johnson,1,Outro,Média,,true
Muhammad Ali,1,Outro,Média,,true
Zoe Saldaña,1,Outro,Média,,true
Clara Moneke,1,Outro,Média,,true
Giancarlo Giuseppe Alessandro Esposito,1,Outro,Média,,true
Fernanda Garay Rodrigues,1,Outro,Média,,true
Camila Pitanga,1,Outro,Média,,true
Seu Jorge,1,Outro,Média,,true
Giveon,1,Outro,Média,,true
Young Thug,1,Outro,Média,,true
Coi Leray,1,Outro,Média,,true
Takeoff (1994-2022),1,Outro,Média,,true
Kirk Franklin,1,Outro,Média,,true
RZA,1,Outro,Média,,true
Lance Reddick,1,Outro,Média,,true
Metro Boomin,1,Outro,Média,,true
Akon,1,Outro,Média,,true
Michelle Obama,1,Outro,Média,,true
Gleiciane Damasceno,1,Outro,Média,,true
Daiane dos Santos,1,Outro,Média,,true
Jordin Sparks,1,Outro,Média,,true
Logan Browning,1,Outro,Média,,true
Uzo Aduba,1,Outro,Média,,true
Naomi Osaka,1,Outro,Média,,true
Stormi Webster,1,Outro,Média,,true
Viola Davis,1,Outro,Média,,true
Donald Glover,1,Outro,Média,,true
Jonathan Azevedo,1,Outro,Média,,true
Giannis Antetokounmpo,1,Outro,Média,,true
Valerie Thomas,1,Outro,Média,,true
Mano Brown - Pedro Paulo Soares Pereira,1,Outro,Média,,true
Lashana Lynch,1,Outro,Média,,true
Péricles,1,Outro,Média,,true
Terry Crews,1,Outro,Média,,true
Pelé,1,Outro,Média,,true
Kevin Garnett,1,Outro,Média,,true
Chandra Wilson,1,Outro,Média,,true
Chris Tucker,1,Outro,Média,,true
J Cole,1,Outro,Média,,true
Lupita Nyong'o,1,Outro,Média,,true
Cris Vianna,1,Outro,Média,,true
Carolina Maria de Jesus,1,Outro,Média,,true
Zuri (Filha da Ludmilla),1,Outro,Média,,true
Russell Wilson,1,Outro,Média,,true
Alex Hibbert,1,Outro,Média,,true
Arlindo Cruz,1,Outro,Média,,true
Doja Cat,1,Outro,Média,,true
Alfonso Ribeiro,1,Outro,Média,,true
Tracee Ellis Ross,1,Outro,Média,,true
Ryan Coogler,1,Outro,Média,,true
Rodrigo França,1,Outro,Média,,true
Halle Bailey,1,Outro,Média,,true
Wunmi Mosaku,1,Outro,Média,,true
Chloe Bailey,1,Outro,Média,,true
Angel Reese,1,Outro,Média,,true
Sidney Poitier,1,Outro,Média,,true
Gilberto Gil,1,Outro,Média,,true
Rondell Sheridan,1,Outro,Média,,true
Mo'Nique,1,Outro,Média,,true
Lucien Laviscount,1,Outro,Média,,true
Jayson Tatum,1,Outro,Média,,true
Hill Harper,1,Outro,Média,,true
Jorge Lafond,1,Outro,Média,,true
Bobby Brown,1,Outro,Média,,true
Sean Kingston,1,Outro,Média,,true
Regina Casé,1,Outro,Média,,true
Arsenio Hall,1,Outro,Média,,true
d4vd,1,Outro,Média,,true
Tamera and Tia Mowry,1,Outro,Média,,true
Kofi Siriboe,1,Outro,Média,,true
Diamond Platnumz,1,Outro,Média,,true
Djimon Gaston Hounsou,1,Outro,Média,,true
Tim Maia,1,Outro,Média,,true
Kelly Rowland,1,Outro,Média,,true
Keith Sweat,1,Outro,Média,,true
A$AP Ferg,1,Outro,Média,,true
Patricia Louise Holte,1,Outro,Média,,true
Cacau Protásio,1,Outro,Média,,true
Eazy E,1,Outro,Média,,true
Juiz Mablean Ephriam,1,Outro,Média,,true
Maduka Emilio Okoye,1,Outro,Média,,true
Jeremih,1,Outro,Média,,true
Dave Chappelle,1,Outro,Média,,true
Lori Harvey,1,Outro,Média,,true
Common,1,Outro,Média,,true
Young Dolph,1,Outro,Média,,true
Louis Armstrong,1,Outro,Média,,true
Halle Berry,1,Outro,Média,,true
Jordan Peele,1,Outro,Média,,true
Marvin Gaye,1,Outro,Média,,true
Nelly,1,Outro,Média,,true
Michael Jackson,1,Outro,Média,,true
Kendrick Lamar,1,Outro,Média,,true
The Weeknd,1,Outro,Média,,true
Coco Gauff,1,Outro,Média,,true
Jill Scott,1,Outro,Média,,true
Chris Rock,1,Outro,Média,,true
WizKid,1,Outro,Média,,true
Seal,1,Outro,Média,,true
Keri Hilson,1,Outro,Média,,true
Victor Osimhen,1,Outro,Média,,true
Barry White,1,Outro,Média,,true
Tyrese Gibson,1,Outro,Média,,true
Skai Jackson,1,Outro,Média,,true
Chief Keef,1,Outro,Média,,true
Caleb McLaughlin,1,Outro,Média,,true
Sonequa Martin-Green,1,Outro,Média,,true
Sabotage,1,Outro,Média,,true
Tory Lanez,1,Outro,Média,,true
Marsai Martin,1,Outro,Média,,true
Christine Adams,1,Outro,Média,,true
Bernie Mac,1,Outro,Média,,true
Jabari Banks,1,Outro,Média,,true
Kareem Abdul-Jabbar,1,Outro,Média,,true
Lorraine Toussaint,1,Outro,Média,,true
Angela Davis,1,Outro,Média,,true
Loretta Devine,1,Outro,Média,,true
Octavia Lenora Spencer,1,Outro,Média,,true
Andre 3000,1,Outro,Média,,true
Leon Thomas,1,Outro,Média,,true
Babyface,1,Outro,Média,,true
Alicia Keys,1,Outro,Média,,true
Aya Nakamura,1,Outro,Média,,true
Niecy Nash,1,Outro,Média,,true
Gabourey Ridley Sidibe,1,Outro,Média,,true
Courtney B. Vance,1,Outro,Média,,true
Zileide Silva,1,Outro,Média,,true
James Joseph Brown Jr,1,Outro,Média,,true
Angela Bassett,1,Outro,Média,,true
Beverly Grace Jones,1,Outro,Média,,true
Jimmy Butler,1,Outro,Média,,true
Lenny Kravitz,1,Outro,Média,,true
Damon Wayans,1,Outro,Média,,true
CeeLo Green,1,Outro,Média,,true
Olivia Dean,1,Outro,Média,,true
Colin Kaepernick,1,Outro,Média,,true
Erika Januza da Trindade Gomes,1,Outro,Média,,true
Quincy Jones,1,Outro,Média,,true
Sandra de Sá,1,Outro,Média,,true
João Pimenta,1,Outro,Média,,true
Oprah Winfrey,1,Outro,Média,,true
Monica,1,Outro,Média,,true
Pharrell Williams,1,Outro,Média,,true
Jamie Foxx,1,Outro,Média,,true
Lumena Aleluia,1,Outro,Média,,true
Irving Rameses Rhames,1,Outro,Média,,true
Derrick Rose,1,Outro,Média,,true
Terrence Howard,1,Outro,Média,,true
Storm Reid,1,Outro,Média,,true
Sarah Vaughan,1,Outro,Média,,true
Jonathan Majors,1,Outro,Média,,true
CardiB,1,Outro,Média,,true
Nia Long,1,Outro,Média,,true
Meek Mill,1,Outro,Média,,true
Kid Cudi,1,Outro,Média,,true
Tinashe,1,Outro,Média,,true
Roberta Rodrigues,1,Outro,Média,,true
Phylicia Rashad,1,Outro,Média,,true
Kyrie Irving,1,Outro,Média,,true
Djavan,1,Outro,Média,,true
Angie Stone,1,Outro,Média,,true
Bruno Mars,1,Outro,Média,,true
Clifton Powell,1,Outro,Média,,true
Tisha Campbell Martin,1,Outro,Média,,true
Stormzy,1,Outro,Média,,true
Khalid,1,Outro,Média,,true
Eddie Griffin,1,Outro,Média,,true
Thalma de Freitas,1,Outro,Média,,true
Damson Idris,1,Outro,Média,,true
H.E.R,1,Outro,Média,,true
Neymar,1,Outro,Média,,true
Ne-Yo,1,Outro,Média,,true
Michael Ealy,1,Outro,Média,,true
Zazie Beetz,1,Outro,Média,,true
Iza,1,Outro,Média,,true
Shontelle,1,Outro,Média,,true
Maya Angelou,1,Outro,Média,,true
Ziggy Marley,1,Outro,Média,,true
Camilla de Lucas,1,Outro,Média,,true
Léo Santana,1,Outro,Média,,true
Alexandre Pires,1,Outro,Média,,true
Rafaela Silva,1,Outro,Média,,true
Lázaro Ramos,1,Outro,Média,,true
Kyle Massey,1,Outro,Média,,true
April Grace,1,Outro,Média,,true
Quavo Marshall,1,Outro,Média,,true
Michael Clarke Duncan,1,Outro,Média,,true
DB Woodside,1,Outro,Média,,true
Thiaguinho,1,Outro,Média,,true
Bianca Belair,1,Outro,Média,,true
Djonga,1,Outro,Média,,true
Christopher George Latore Wallace,1,Outro,Média,,true
Jada Pinkett Smith,1,Outro,Média,,true
Kodak Black,1,Outro,Média,,true
Michelle Williams,1,Outro,Média,,true
China Anne McClain,1,Outro,Média,,true
Jean Paulo,1,Outro,Média,,true
Manoel Soares,1,Outro,Média,,true
Method Man,1,Outro,Média,,true
Jermaine Dupri,1,Outro,Média,,true
Mekai Curtis,1,Outro,Média,,true
Danai Gurira,1,Outro,Média,,true
Rumi e Sir Carter,1,Outro,Média,,true
Fabiana Claudino,1,Outro,Média,,true
Ayra Starr,1,Outro,Média,,true
Patricia Ramos,1,Outro,Média,,true
Woody McClain,1,Outro,Média,,true
Justine Skye,1,Outro,Média,,true
Bento (Filho do Thiaguinho),1,Outro,Média,,true
Missy Elliott,1,Outro,Média,,true
Idris Elba,1,Outro,Média,,true
Thaíde,1,Outro,Média,,true
Shenseea,1,Outro,Média,,true
Meghan Markle,1,Outro,Média,,true
Mumuzinho,1,Outro,Média,,true
Khaby Lame,1,Outro,Média,,true
Raven-Symoné,1,Outro,Média,,true
Jude Bellingham,1,Outro,Média,,true
Alfred Enoch,1,Outro,Média,,true
Martin Lawrence,1,Outro,Média,,true
Rick Ross,1,Outro,Média,,true
Jhene Aiko,1,Outro,Média,,true
21 Savage,1,Outro,Média,,true
Wanda Sykes,1,Outro,Média,,true
Serena Williams,1,Outro,Média,,true
[aniversário],1,Outro,Média,,true
Lena Waithe,1,Outro,Média,,true
Nipsey Hussle,1,Outro,Média,,true
Samuel L. Jackson,1,Outro,Média,,true
Saweetie,1,Outro,Média,,true
Tasha e Tracie,1,Outro,Média,,true
Gunna,1,Outro,Média,,true
Wyclef Jean,1,Outro,Média,,true
Flavor Flav,1,Outro,Média,,true
Romelu Lukaku,1,Outro,Média,,true
Rudolph Ingram,1,Outro,Média,,true
Barack Obama,1,Outro,Média,,true
DaBaby,1,Outro,Média,,true
Lil Uzi Vert,1,Outro,Média,,true
DMX,1,Outro,Média,,true
Nicki Minaj,1,Outro,Média,,true
Patricia de Jesus,1,Outro,Média,,true
Michael Jordan,1,Outro,Média,,true
MC Carol,1,Outro,Média,,true
Rhudson Victor,1,Outro,Média,,true
Rosa Parks,1,Outro,Média,,true
Tati Quebra Barraco,1,Outro,Média,,true
Sanaa Lathan,1,Outro,Média,,true
Donovan Mitchell,1,Outro,Média,,true
Nipsey Russell,1,Outro,Média,,true
Winnie Harlow,1,Outro,Média,,true
Isaiah Washington,1,Outro,Média,,true
Ciara,1,Outro,Média,,true
John Witherspoon,1,Outro,Média,,true
Big Sean,1,Outro,Média,,true
Dira Paes,1,Outro,Média,,true
Negra Li,1,Outro,Média,,true
PartyNextDoor,1,Outro,Média,,true
Titi Gagliasso Ewbank,1,Outro,Média,,true
John Legend,1,Outro,Média,,true
Yvonne Orji,1,Outro,Média,,true
Brian McKnight,1,Outro,Média,,true
Lucas Penteado,1,Outro,Média,,true
Stephen Curry,1,Outro,Média,,true
Doechii,1,Outro,Média,,true
Taio Cruz,1,Outro,Média,,true
Gaby Amarantos,1,Outro,Média,,true
Mc Loma,1,Outro,Média,,true
Keith Powers,1,Outro,Média,,true
Aaliyah,1,Outro,Média,,true
Abebe Bikila,1,Outro,Média,,true
Jazmine Sullivan,1,Outro,Média,,true
Jharrel Jerome,1,Outro,Média,,true
Ronaldo,1,Outro,Média,,true
Mc Soffia,1,Outro,Média,,true
Taraji P. Henson,1,Outro,Média,,true
Janelle Monáe,1,Outro,Média,,true
Bela Maria,1,Outro,Média,,true
Luiz Gama,1,Outro,Média,,true
Trey Songz,1,Outro,Média,,true
Shemar Franklin Moore,1,Outro,Média,,true
Kanye West,1,Outro,Média,,true
Ella Mai,1,Outro,Média,,true
Spike Lee,1,Outro,Média,,true
Sister Rosetta Tharpe,1,Outro,Média,,true
Regé-Jean Page,1,Outro,Média,,true
Yara Shahidi,1,Outro,Média,,true
Olandria Carthen,1,Outro,Média,,true
Skepta,1,Outro,Média,,true
Tupac Shakur (1971-1996),1,Outro,Média,,true
Tyla,1,Outro,Média,,true
Mike Tyson,1,Outro,Média,,true
Amirah Vann,1,Outro,Média,,true
Mya,1,Outro,Média,,true
Brunna Gonçalves,1,Outro,Média,,true
Virgil Abloh,1,Outro,Média,,true
Mario,1,Outro,Média,,true
Timbaland,1,Outro,Média,,true
Marietta Sangai Sirleaf,1,Outro,Média,,true
Fabrício Boliveira Pereira,1,Outro,Média,,true
Stefon Diggs,1,Outro,Média,,true
Dr. Dre,1,Outro,Média,,true
Glória Maria,1,Outro,Média,,true
Nego do Borel,1,Outro,Média,,true
Ayo Edebiri,1,Outro,Média,,true
Gabby Douglas,1,Outro,Média,,true
Ashton Sanders,1,Outro,Média,,true
Bill Cobbs,1,Outro,Média,,true
Jason Derulo,1,Outro,Média,,true
Kehlani,1,Outro,Média,,true
Burna Boy,1,Outro,Média,,true
Erykah Badu,1,Outro,Média,,true
John Amos,1,Outro,Média,,true
Janet Jackson,1,Outro,Média,,true
Freddie Gibbs,1,Outro,Média,,true
Kylian Mbappé,1,Outro,Média,,true
James Pickens Jr,1,Outro,Média,,true
Steve Harvey,1,Outro,Média,,true
Frank Ocean,1,Outro,Média,,true
Marta,1,Outro,Média,,true
Summer Walker,1,Outro,Média,,true
Miguel,1,Outro,Média,,true
Richarlison,1,Outro,Média,,true
Jay Ellis,1,Outro,Média,,true
Sasha Obama,1,Outro,Média,,true
Érico Brás,1,Outro,Média,,true
Megan Thee Stallion,1,Outro,Média,,true
Cassie Ventura,1,Outro,Média,,true
Djamila Ribeiro,1,Outro,Média,,true
Amandla Stenberg,1,Outro,Média,,true
Lewis Hamilton,1,Outro,Média,,true
Cuba Mark Gooding Jr,1,Outro,Média,,true
Elza Soares (1930-2022),1,Outro,Média,,true
Colman Domingo,1,Outro,Média,,true
Haroldo Costa,1,Outro,Média,,true
Bow Wow,1,Outro,Média,,true
Michael Rainey Jr.,1,Outro,Média,,true
T-Pain,1,Outro,Média,,true
João Luiz Pedrosa,1,Outro,Média,,true
Chaka Khan,1,Outro,Média,,true
Jalen Hurts,1,Outro,Média,,true
50 Cent,1,Outro,Média,,true
Michael B. Jordan,1,Outro,Média,,true
Ashanti,1,Outro,Média,,true
Ruth de Souza,1,Outro,Média,,true
Sherri Saum,1,Outro,Média,,true
Fabiana Karla,1,Outro,Média,,true
Letitia Wright,1,Outro,Média,,true
Any Gabrielly,1,Outro,Média,,true
Blue Ivy,1,Outro,Média,,true
Shameik Alti Moore,1,Outro,Média,,true
Jesse Williams,1,Outro,Média,,true
Tiger Woods,1,Outro,Média,,true
Nala (Filha da Iza),1,Outro,Média,,true
Shaquille O’Neal,1,Outro,Média,,true
2 Chainz,1,Outro,Média,,true
Bia Ben,1,Outro,Média,,true
Isabel Fillardis,1,Outro,Média,,true
Jobe Bellingham,1,Outro,Média,,true
Jorja Smith,1,Outro,Média,,true
Bob Marley,1,Outro,Média,,true
Steve Lacy,1,Outro,Média,,true
Yaya Touré,1,Outro,Média,,true
Anthony Mackie,1,Outro,Média,,true
Mohamed Salah,1,Outro,Média,,true
Laverne Cox,1,Outro,Média,,true
Xxxtentacion,1,Outro,Média,,true
Raphinha,1,Outro,Média,,true
